[{"fun":"function (data, old) {\r\n\r\n                    for (var i in old) {\r\n                        if (data.plugin == \"name\")\r\n                            gameobjects[data.newval.value][data.plugin][i] = old[i];\r\n                        else\r\n                            gameobjects[data.name][data.plugin][i] = old[i];\r\n                    }\r\n                    var newData = JSON.parse(JSON.stringify(data));\r\n                    newData.newval = old;\r\n                    if (data.plugin == \"name\") {\r\n                        gameobjects[data.name] = gameobjects[data.newval.value];\r\n                        delete gameobjects[data.newval.value];\r\n                    }\r\n\r\n                    if (!gameRunning)\r\n                        fs.writeFile(\"properties\\\\properties.json\", JSON.stringify(gameobjects));\r\n                    io.clients().emit(\"objectpropertieschange\", newData);\r\n                }","args":[{"action":"change","name":"GameObject0","plugin":"position","newval":{"x":2,"y":-60}},{"x":0,"y":0,"parent":""}],"redo":"function (data) {\r\n                    for (var i in data.newval) {\r\n                        gameobjects[data.name][data.plugin][i] = data.newval[i];\r\n                    }\r\n\r\n                    if (data.plugin == \"name\") {\r\n                        gameobjects[data.newval.value] = gameobjects[data.name];\r\n                        delete gameobjects[data.name];\r\n                    }\r\n\r\n                    if (!gameRunning)\r\n                        fs.writeFile(\"properties\\\\properties.json\", JSON.stringify(gameobjects));\r\n                    io.sockets.emit(\"objectpropertieschange\", data);\r\n                }"}]